--------------------------------------------------------
--  파일이 생성됨 - 금요일-4월-16-2021   
--------------------------------------------------------
DROP SEQUENCE "YEOGIYO"."SEQ_TB_MENU_ID";
DROP SEQUENCE "YEOGIYO"."SEQ_TB_NOTICE_NO";
DROP SEQUENCE "YEOGIYO"."SEQ_TB_RES_ID";
DROP TABLE "YEOGIYO"."MEMBER" cascade constraints;
DROP TABLE "YEOGIYO"."MENU" cascade constraints;
DROP TABLE "YEOGIYO"."NOTICE" cascade constraints;
DROP TABLE "YEOGIYO"."NOTICE_IMG" cascade constraints;
DROP TABLE "YEOGIYO"."RESTAURANT" cascade constraints;
--------------------------------------------------------
--  DDL for Sequence SEQ_TB_MENU_ID
--------------------------------------------------------

   CREATE SEQUENCE  "YEOGIYO"."SEQ_TB_MENU_ID"  MINVALUE 1 MAXVALUE 9999999999999999999999999999 INCREMENT BY 1 START WITH 21 CACHE 20 NOORDER  NOCYCLE ;
--------------------------------------------------------
--  DDL for Sequence SEQ_TB_NOTICE_NO
--------------------------------------------------------

   CREATE SEQUENCE  "YEOGIYO"."SEQ_TB_NOTICE_NO"  MINVALUE 1 MAXVALUE 9999999999999999999999999999 INCREMENT BY 1 START WITH 1 CACHE 20 NOORDER  NOCYCLE ;
--------------------------------------------------------
--  DDL for Sequence SEQ_TB_RES_ID
--------------------------------------------------------

   CREATE SEQUENCE  "YEOGIYO"."SEQ_TB_RES_ID"  MINVALUE 1 MAXVALUE 9999999999999999999999999999 INCREMENT BY 1 START WITH 21 CACHE 20 NOORDER  NOCYCLE ;
--------------------------------------------------------
--  DDL for Table MEMBER
--------------------------------------------------------

  CREATE TABLE "YEOGIYO"."MEMBER" 
   (	"MEMBER_ID" VARCHAR2(100 BYTE), 
	"MEMBER_NAME" VARCHAR2(30 BYTE), 
	"PASSWORD" VARCHAR2(300 BYTE), 
	"BIRTHDAY" DATE, 
	"GENDER" CHAR(1 BYTE), 
	"ADDRESS" VARCHAR2(100 BYTE), 
	"ADDRESS_SUB" VARCHAR2(100 BYTE), 
	"PHONE" CHAR(11 BYTE), 
	"EMAIL" VARCHAR2(100 BYTE), 
	"ENROLL_DATE" DATE DEFAULT sysdate, 
	"MEMBER_ROLE" CHAR(1 BYTE) DEFAULT 'U'
   ) SEGMENT CREATION IMMEDIATE 
  PCTFREE 10 PCTUSED 40 INITRANS 1 MAXTRANS 255 NOCOMPRESS LOGGING
  STORAGE(INITIAL 65536 NEXT 1048576 MINEXTENTS 1 MAXEXTENTS 2147483645
  PCTINCREASE 0 FREELISTS 1 FREELIST GROUPS 1 BUFFER_POOL DEFAULT FLASH_CACHE DEFAULT CELL_FLASH_CACHE DEFAULT)
  TABLESPACE "USERS" ;

   COMMENT ON COLUMN "YEOGIYO"."MEMBER"."MEMBER_ID" IS '회원아이디';
   COMMENT ON COLUMN "YEOGIYO"."MEMBER"."MEMBER_NAME" IS '회원이름';
   COMMENT ON COLUMN "YEOGIYO"."MEMBER"."PASSWORD" IS '비밀번호';
   COMMENT ON COLUMN "YEOGIYO"."MEMBER"."BIRTHDAY" IS '생일';
   COMMENT ON COLUMN "YEOGIYO"."MEMBER"."GENDER" IS '성별';
   COMMENT ON COLUMN "YEOGIYO"."MEMBER"."ADDRESS" IS '주소';
   COMMENT ON COLUMN "YEOGIYO"."MEMBER"."ADDRESS_SUB" IS '상세주소';
   COMMENT ON COLUMN "YEOGIYO"."MEMBER"."PHONE" IS '휴대폰번호';
   COMMENT ON COLUMN "YEOGIYO"."MEMBER"."EMAIL" IS '이메일';
   COMMENT ON COLUMN "YEOGIYO"."MEMBER"."ENROLL_DATE" IS '회원가입일';
   COMMENT ON COLUMN "YEOGIYO"."MEMBER"."MEMBER_ROLE" IS '회원권한';
--------------------------------------------------------
--  DDL for Table MENU
--------------------------------------------------------

  CREATE TABLE "YEOGIYO"."MENU" 
   (	"MENU_ID" NUMBER, 
	"RES_ID" NUMBER, 
	"MENU_NAME" VARCHAR2(100 BYTE), 
	"DESCRIPTION" VARCHAR2(1000 BYTE), 
	"MENU_CATEGORY" VARCHAR2(100 BYTE) DEFAULT '대표메뉴', 
	"PRICE" NUMBER DEFAULT 0, 
	"MENU_IMG" VARCHAR2(2000 BYTE)
   ) SEGMENT CREATION IMMEDIATE 
  PCTFREE 10 PCTUSED 40 INITRANS 1 MAXTRANS 255 NOCOMPRESS LOGGING
  STORAGE(INITIAL 65536 NEXT 1048576 MINEXTENTS 1 MAXEXTENTS 2147483645
  PCTINCREASE 0 FREELISTS 1 FREELIST GROUPS 1 BUFFER_POOL DEFAULT FLASH_CACHE DEFAULT CELL_FLASH_CACHE DEFAULT)
  TABLESPACE "USERS" ;
--------------------------------------------------------
--  DDL for Table NOTICE
--------------------------------------------------------

  CREATE TABLE "YEOGIYO"."NOTICE" 
   (	"NOTICE_NO" NUMBER, 
	"RES_ID" NUMBER, 
	"NOTICE_TITLE" VARCHAR2(100 BYTE), 
	"NOTICE_CONTENT" VARCHAR2(1000 BYTE), 
	"NOTICE_DATE" DATE DEFAULT sysdate
   ) SEGMENT CREATION IMMEDIATE 
  PCTFREE 10 PCTUSED 40 INITRANS 1 MAXTRANS 255 NOCOMPRESS LOGGING
  STORAGE(INITIAL 65536 NEXT 1048576 MINEXTENTS 1 MAXEXTENTS 2147483645
  PCTINCREASE 0 FREELISTS 1 FREELIST GROUPS 1 BUFFER_POOL DEFAULT FLASH_CACHE DEFAULT CELL_FLASH_CACHE DEFAULT)
  TABLESPACE "USERS" ;

   COMMENT ON COLUMN "YEOGIYO"."NOTICE"."NOTICE_NO" IS '공지번호(PK)';
   COMMENT ON COLUMN "YEOGIYO"."NOTICE"."RES_ID" IS '가게번호(FK)';
   COMMENT ON COLUMN "YEOGIYO"."NOTICE"."NOTICE_TITLE" IS '공지제목';
   COMMENT ON COLUMN "YEOGIYO"."NOTICE"."NOTICE_DATE" IS '공지작성날자';
--------------------------------------------------------
--  DDL for Table NOTICE_IMG
--------------------------------------------------------

  CREATE TABLE "YEOGIYO"."NOTICE_IMG" 
   (	"IMG_NO" NUMBER, 
	"NOTICE_NO" NUMBER, 
	"IMG_ORIGINALFILE" VARCHAR2(255 BYTE), 
	"IMG_RENAMEDFILE" VARCHAR2(255 BYTE), 
	"IMG_STATUS" CHAR(1 BYTE) DEFAULT 'Y'
   ) SEGMENT CREATION IMMEDIATE 
  PCTFREE 10 PCTUSED 40 INITRANS 1 MAXTRANS 255 NOCOMPRESS LOGGING
  STORAGE(INITIAL 65536 NEXT 1048576 MINEXTENTS 1 MAXEXTENTS 2147483645
  PCTINCREASE 0 FREELISTS 1 FREELIST GROUPS 1 BUFFER_POOL DEFAULT FLASH_CACHE DEFAULT CELL_FLASH_CACHE DEFAULT)
  TABLESPACE "USERS" ;

   COMMENT ON COLUMN "YEOGIYO"."NOTICE_IMG"."IMG_NO" IS '첨부 이미지 번호(PK)';
   COMMENT ON COLUMN "YEOGIYO"."NOTICE_IMG"."NOTICE_NO" IS '공지번호(FK)';
   COMMENT ON COLUMN "YEOGIYO"."NOTICE_IMG"."IMG_ORIGINALFILE" IS '업로드 파일명';
   COMMENT ON COLUMN "YEOGIYO"."NOTICE_IMG"."IMG_RENAMEDFILE" IS '서버저장 파일명';
   COMMENT ON COLUMN "YEOGIYO"."NOTICE_IMG"."IMG_STATUS" IS '사용여부(CK)';
--------------------------------------------------------
--  DDL for Table RESTAURANT
--------------------------------------------------------

  CREATE TABLE "YEOGIYO"."RESTAURANT" 
   (	"RES_ID" NUMBER, 
	"RES_NAME" VARCHAR2(100 BYTE), 
	"RES_ADDRESS" VARCHAR2(100 BYTE), 
	"CATEGORY" VARCHAR2(20 BYTE), 
	"MIN_PRICE" NUMBER DEFAULT 0, 
	"LOGO_IMG" VARCHAR2(2000 BYTE), 
	"RATE_AVG" NUMBER DEFAULT 0, 
	"REVIEW_CNT" NUMBER DEFAULT 0
   ) SEGMENT CREATION IMMEDIATE 
  PCTFREE 10 PCTUSED 40 INITRANS 1 MAXTRANS 255 NOCOMPRESS LOGGING
  STORAGE(INITIAL 65536 NEXT 1048576 MINEXTENTS 1 MAXEXTENTS 2147483645
  PCTINCREASE 0 FREELISTS 1 FREELIST GROUPS 1 BUFFER_POOL DEFAULT FLASH_CACHE DEFAULT CELL_FLASH_CACHE DEFAULT)
  TABLESPACE "USERS" ;

   COMMENT ON COLUMN "YEOGIYO"."RESTAURANT"."RES_ID" IS '가게아이디';
   COMMENT ON COLUMN "YEOGIYO"."RESTAURANT"."RES_NAME" IS '가게명';
   COMMENT ON COLUMN "YEOGIYO"."RESTAURANT"."RES_ADDRESS" IS '가게주소';
   COMMENT ON COLUMN "YEOGIYO"."RESTAURANT"."CATEGORY" IS '카테고리';
   COMMENT ON COLUMN "YEOGIYO"."RESTAURANT"."MIN_PRICE" IS '최소주문금액';
   COMMENT ON COLUMN "YEOGIYO"."RESTAURANT"."LOGO_IMG" IS '가게로고이미지';
   COMMENT ON COLUMN "YEOGIYO"."RESTAURANT"."RATE_AVG" IS '별점평균';
   COMMENT ON COLUMN "YEOGIYO"."RESTAURANT"."REVIEW_CNT" IS '리뷰갯수';
REM INSERTING into YEOGIYO.MEMBER
SET DEFINE OFF;
Insert into YEOGIYO.MEMBER (MEMBER_ID,MEMBER_NAME,PASSWORD,BIRTHDAY,GENDER,ADDRESS,ADDRESS_SUB,PHONE,EMAIL,ENROLL_DATE,MEMBER_ROLE) values ('honggd1234','홍길동','12345678a',to_date('96/01/01','RR/MM/DD'),'M','서울특별시 관악구 테헤란로 14길 6','2F','01095959595','honggd@gmail.com',to_date('21/04/14','RR/MM/DD'),'U');
Insert into YEOGIYO.MEMBER (MEMBER_ID,MEMBER_NAME,PASSWORD,BIRTHDAY,GENDER,ADDRESS,ADDRESS_SUB,PHONE,EMAIL,ENROLL_DATE,MEMBER_ROLE) values ('kwanri','김관리','12345678a',to_date('96/07/07','RR/MM/DD'),'F','서울특별시 관악구 테헤란로 14길 6','2F','01045454545','kwanri@gmail.com',to_date('21/04/14','RR/MM/DD'),'A');
Insert into YEOGIYO.MEMBER (MEMBER_ID,MEMBER_NAME,PASSWORD,BIRTHDAY,GENDER,ADDRESS,ADDRESS_SUB,PHONE,EMAIL,ENROLL_DATE,MEMBER_ROLE) values ('hyjoitt','황윤진','1234',to_date('21/03/31','RR/MM/DD'),'F','부산시 해운대구','송정동','01095959595','dadf@gdfa.cod',to_date('21/04/16','RR/MM/DD'),'U');
REM INSERTING into YEOGIYO.MENU
SET DEFINE OFF;
Insert into YEOGIYO.MENU (MENU_ID,RES_ID,MENU_NAME,DESCRIPTION,MENU_CATEGORY,PRICE,MENU_IMG) values (1,1,'크래미키토','밥대신 폭신폭신한 계란 한입 가득~짭짤한 크래미살에 알싸한 미나리와 당근의 향연은 피로회복과 다이어트 한끼!','대표메뉴',7000,'https://ldb-phinf.pstatic.net/20210110_254/16102487347502RsMQ_JPEG/HXThTYc17WSUVz-kmZZA2gMsb9R6oR78EeH6DuDHp7M%3D.jpg');
Insert into YEOGIYO.MENU (MENU_ID,RES_ID,MENU_NAME,DESCRIPTION,MENU_CATEGORY,PRICE,MENU_IMG) values (2,1,'베이컨키토마요','갈릭소스에 묻혀 켜켜이 들어간 베이컨을 계란이 감싸고 있어 담백짭쪼름한 어메리칸스따일!','대표메뉴',7000,'https://ldb-phinf.pstatic.net/20210110_72/1610248734834kjAC9_JPEG/zMhZs6-p6TioYVzdfk2xtCawSC0H-2bGo6FtObAMqLY%3D.jpg');
Insert into YEOGIYO.MENU (MENU_ID,RES_ID,MENU_NAME,DESCRIPTION,MENU_CATEGORY,PRICE,MENU_IMG) values (3,1,'트러플키토마요','아삭아삭한 야채와 송로버섯소스와 마요네즈소스의 환상적인궁합!','대표메뉴',7000,'https://ldb-phinf.pstatic.net/20210110_150/1610248734771FeB0m_JPEG/l-UzO2wRdyPmEvkTCpsUwnpWBOeHgHNpI83giut9sFU%3D.jpg');
Insert into YEOGIYO.MENU (MENU_ID,RES_ID,MENU_NAME,DESCRIPTION,MENU_CATEGORY,PRICE,MENU_IMG) values (4,1,'묵참키토마요','고단백 지단듬뿍!!새큼한 묵은지와 먹어도 먹어도 질리지 않는 참치마요!!','대표메뉴',7000,'https://ldb-phinf.pstatic.net/20210110_185/16102487351736n0O5_JPEG/CwUMvRzp3pkBfh3XMpVOT8LdvXf56a5kR7SwfcMs6I0%3D.jpg');
Insert into YEOGIYO.MENU (MENU_ID,RES_ID,MENU_NAME,DESCRIPTION,MENU_CATEGORY,PRICE,MENU_IMG) values (5,1,'보슬김밥','보슬보슬한 계란 듬뿍~지단김밥!','김밥',5000,'https://ldb-phinf.pstatic.net/20210105_52/16097797604959tMOB_JPEG/6dllS4i_fiCtLj2zB2bT1dwvcRoWqWQ-N9jJ1iG_-z_UKKrmaf4n3TpTZNkdCAE6.jpg');
Insert into YEOGIYO.MENU (MENU_ID,RES_ID,MENU_NAME,DESCRIPTION,MENU_CATEGORY,PRICE,MENU_IMG) values (6,1,'스팸보슬김밥','보송보송 지단김밥에 짭잘한 오리지날 스팸클래식이뙇!이보다 좋을순 없다.','김밥',6000,'https://ldb-phinf.pstatic.net/20210105_282/1609779760748DXrWJ_JPEG/6dllS4i_fiCtLj2zB2bT1bR3Z6sI2IN9zdQrNo0HbXESm_CNCb_PbqLjDzLDqgbE.jpg');
Insert into YEOGIYO.MENU (MENU_ID,RES_ID,MENU_NAME,DESCRIPTION,MENU_CATEGORY,PRICE,MENU_IMG) values (7,1,'치즈보슬김밥','보송보송한 계란에 고소한 치즈의 조합!','김밥',6000,'https://ldb-phinf.pstatic.net/20210105_200/1609779760488k86H7_JPEG/6dllS4i_fiCtLj2zB2bT1X_8XZ5doiLzLNxdniu_U4tXlbXhY-pikM1OEQCkFPFD.jpg');
Insert into YEOGIYO.MENU (MENU_ID,RES_ID,MENU_NAME,DESCRIPTION,MENU_CATEGORY,PRICE,MENU_IMG) values (8,1,'청양보슬마요김밥','보송보송한 계란에 매콤달콤한 청양고추와마요의 환상적인조합!','김밥',6000,'https://ldb-phinf.pstatic.net/20210121_31/16111890663868fT6l_JPEG/rXXzTRVoIjsYOugmjybtKGOdQ9NikTwq9yP3W9y90Ds%3D.jpg');
Insert into YEOGIYO.MENU (MENU_ID,RES_ID,MENU_NAME,DESCRIPTION,MENU_CATEGORY,PRICE,MENU_IMG) values (9,1,'꿀밤마늘떡볶이(2인분)','꿀밤2개','분식',11000,'https://ldb-phinf.pstatic.net/20210107_215/16099854843614PYHt_JPEG/mDcMbl2AXdguQYrLkHz9x9aRfsvJKjY7zbQotTK4eMA%3D.jpg');
Insert into YEOGIYO.MENU (MENU_ID,RES_ID,MENU_NAME,DESCRIPTION,MENU_CATEGORY,PRICE,MENU_IMG) values (10,1,'차돌마늘떡볶이(2인분)','차돌100g','분식',15000,'https://ldb-phinf.pstatic.net/20210106_100/16099025728145v83k_JPEG/4CyAV3J-ucN80BpfQ0izENYoQXORcIXrMu19eOPeyQ0%3D.jpg');
Insert into YEOGIYO.MENU (MENU_ID,RES_ID,MENU_NAME,DESCRIPTION,MENU_CATEGORY,PRICE,MENU_IMG) values (11,2,'[인기] 소고기 샤브샤브(1인분)','소고기 130g , 야채, 버섯, 육수, 소스(칠리,겨자), 만두, 떡사리, 김치제공','대표메뉴',15000,'https://ldb-phinf.pstatic.net/20210128_212/1611798071879aMkIe_JPEG/U9OGXkwGHwogC2Fw4wWsI4lISdT_1FPPuNRchaj1OVg%3D.jpg');
Insert into YEOGIYO.MENU (MENU_ID,RES_ID,MENU_NAME,DESCRIPTION,MENU_CATEGORY,PRICE,MENU_IMG) values (12,2,'냉불(함흥냉면 + 불고기)','냉면  + 불고기 + 무채 + 냉육수(비냉주문시)','대표메뉴',9500,'https://ldb-phinf.pstatic.net/20200902_176/15990308404232tsdH_JPEG/5Zicbh6GZqOFQSe5aesn6pySsSFX3oUNeKOIEG1KEL4MKqFmMxJBrReYSYTvCEHs.jpg');
Insert into YEOGIYO.MENU (MENU_ID,RES_ID,MENU_NAME,DESCRIPTION,MENU_CATEGORY,PRICE,MENU_IMG) values (13,2,'숙주갈비탕','반찬  : 김치. 샐러드. 공깃밥','대표메뉴',14000,'https://ldb-phinf.pstatic.net/20210302_212/1614673524620LDxUN_JPEG/2PROW6TC4ZuGoId5q_O13hEaLcb1PYFyuu1F9WdrQnY%3D.jpg');
Insert into YEOGIYO.MENU (MENU_ID,RES_ID,MENU_NAME,DESCRIPTION,MENU_CATEGORY,PRICE,MENU_IMG) values (14,2,'소고기국밥','반찬  : 김치. 샐러드. 공깃밥','대표메뉴',9500,'https://ldb-phinf.pstatic.net/20210302_19/1614673524563KhkCR_JPEG/HlXsgZJd0NPKzIXxOKVZzWeqc3E8ISSir_FSCb3cATo%3D.jpg');
Insert into YEOGIYO.MENU (MENU_ID,RES_ID,MENU_NAME,DESCRIPTION,MENU_CATEGORY,PRICE,MENU_IMG) values (15,2,'한우 불고기','1인분 (300그램) 반찬: 김치. 샐러드. 양파절임. 고추절임. 공깃밥','대표메뉴',18000,'https://ldb-phinf.pstatic.net/20200830_26/1598720702972DTAru_JPEG/SWEiPrvbGvbe9zQKzjKvlERzfR3s3g2SOw0L6fSjDu9-ALusuWHL3tyF7FXXPzsA.jpg');
Insert into YEOGIYO.MENU (MENU_ID,RES_ID,MENU_NAME,DESCRIPTION,MENU_CATEGORY,PRICE,MENU_IMG) values (16,3,'생선까스',null,'대표메뉴',7500,null);
Insert into YEOGIYO.MENU (MENU_ID,RES_ID,MENU_NAME,DESCRIPTION,MENU_CATEGORY,PRICE,MENU_IMG) values (17,3,'치즈돈까스',null,'대표메뉴',7500,null);
Insert into YEOGIYO.MENU (MENU_ID,RES_ID,MENU_NAME,DESCRIPTION,MENU_CATEGORY,PRICE,MENU_IMG) values (18,3,'함박스테이크',null,'대표메뉴',7500,null);
Insert into YEOGIYO.MENU (MENU_ID,RES_ID,MENU_NAME,DESCRIPTION,MENU_CATEGORY,PRICE,MENU_IMG) values (19,3,'뢰벤정식','돈가스,함박스테이크,생선까스','대표메뉴',8500,null);
REM INSERTING into YEOGIYO.NOTICE
SET DEFINE OFF;
REM INSERTING into YEOGIYO.NOTICE_IMG
SET DEFINE OFF;
REM INSERTING into YEOGIYO.RESTAURANT
SET DEFINE OFF;
Insert into YEOGIYO.RESTAURANT (RES_ID,RES_NAME,RES_ADDRESS,CATEGORY,MIN_PRICE,LOGO_IMG,RATE_AVG,REVIEW_CNT) values (1,'보슬보슬','서울 강남구 테헤란로8길 22 1층 102호','분식',5000,'https://search.pstatic.net/common/?autoRotate=true&quality=95&type=w750&src=http%3A%2F%2Fblogfiles.naver.net%2FMjAyMTAyMDJfMjU5%2FMDAxNjEyMjM5MjI4OTUw.Z7jBsmXSMSXN1cfJ5yDp0aJSJwbgMyTIws8vDOHxbsYg.rcS_Ie89SmRci22AJTExHZ1va4BooJRRPCGtYdgodqog.JPEG.julie6534%2FIMG_4482.jpghttps://search.pstatic.net/common/?autoRotate=true&quality=95&type=w750&src=http%3A%2F%2Fblogfiles.naver.net%2FMjAyMTAyMDJfMjU5%2FMDAxNjEyMjM5MjI4OTUw.Z7jBsmXSMSXN1cfJ5yDp0aJSJwbgMyTIws8vDOHxbsYg.rcS_Ie89SmRci22AJTExHZ1va4BooJRRPCGtYdgodqog.JPEG.julie6534%2FIMG_4482.jpg',0,0);
Insert into YEOGIYO.RESTAURANT (RES_ID,RES_NAME,RES_ADDRESS,CATEGORY,MIN_PRICE,LOGO_IMG,RATE_AVG,REVIEW_CNT) values (2,'진씨화로','서울 강남구 테헤란로10길 21 2층서울 강남구 테헤란로10길 21 2층','한식',7000,'https://search.pstatic.net/common/?autoRotate=true&quality=95&type=w750&src=http%3A%2F%2Fblogfiles.naver.net%2FMjAyMDEwMTVfMTI1%2FMDAxNjAyNzMxMTcwNzQx.8Vo0y5GKtdQEY6ofYCKTn1jQYu5LWJygIidQcJ82RNYg.Ia5esI2PveYo2jh41XSTQkBcjmHkf8R10CB05yVn0wgg.JPEG.aaa-_-aa%2F%25C1%25F8%25BE%25BE%25C8%25AD%25B7%25CE1.jpghttps://search.pstatic.net/common/?autoRotate=true&quality=95&type=w750&src=http%3A%2F%2Fblogfiles.naver.net%2FMjAyMDEwMTVfMTI1%2FMDAxNjAyNzMxMTcwNzQx.8Vo0y5GKtdQEY6ofYCKTn1jQYu5LWJygIidQcJ82RNYg.Ia5esI2PveYo2jh41XSTQkBcjmHkf8R10CB05yVn0wgg.JPEG.aaa-_-aa%2F%25C1%25F8%25BE%25BE%25C8%25AD%25B7%25CE1.jpg',0,0);
Insert into YEOGIYO.RESTAURANT (RES_ID,RES_NAME,RES_ADDRESS,CATEGORY,MIN_PRICE,LOGO_IMG,RATE_AVG,REVIEW_CNT) values (3,'뢰벤돈까스','서울 강남구 테헤란로 124서울 강남구 테헤란로 124','일식/돈까스',5000,'https://search.pstatic.net/common/?autoRotate=true&quality=95&type=w750&src=https%3A%2F%2Fmyplace-phinf.pstatic.net%2F20210331_255%2F1617176670752Qhr3y_JPEG%2Fupload_4a4d0cac6724154b669297108c590c71.jpghttps://search.pstatic.net/common/?autoRotate=true&quality=95&type=w750&src=https%3A%2F%2Fmyplace-phinf.pstatic.net%2F20210331_255%2F1617176670752Qhr3y_JPEG%2Fupload_4a4d0cac6724154b669297108c590c71.jpg',0,0);
--------------------------------------------------------
--  DDL for Index PK_IMG_NO
--------------------------------------------------------

  CREATE UNIQUE INDEX "YEOGIYO"."PK_IMG_NO" ON "YEOGIYO"."NOTICE_IMG" ("IMG_NO") 
  PCTFREE 10 INITRANS 2 MAXTRANS 255 
  STORAGE(INITIAL 65536 NEXT 1048576 MINEXTENTS 1 MAXEXTENTS 2147483645
  PCTINCREASE 0 FREELISTS 1 FREELIST GROUPS 1 BUFFER_POOL DEFAULT FLASH_CACHE DEFAULT CELL_FLASH_CACHE DEFAULT)
  TABLESPACE "USERS" ;
--------------------------------------------------------
--  DDL for Index PK_MEMBER_ID
--------------------------------------------------------

  CREATE UNIQUE INDEX "YEOGIYO"."PK_MEMBER_ID" ON "YEOGIYO"."MEMBER" ("MEMBER_ID") 
  PCTFREE 10 INITRANS 2 MAXTRANS 255 COMPUTE STATISTICS 
  STORAGE(INITIAL 65536 NEXT 1048576 MINEXTENTS 1 MAXEXTENTS 2147483645
  PCTINCREASE 0 FREELISTS 1 FREELIST GROUPS 1 BUFFER_POOL DEFAULT FLASH_CACHE DEFAULT CELL_FLASH_CACHE DEFAULT)
  TABLESPACE "USERS" ;
--------------------------------------------------------
--  DDL for Index PK_MENU_ID
--------------------------------------------------------

  CREATE UNIQUE INDEX "YEOGIYO"."PK_MENU_ID" ON "YEOGIYO"."MENU" ("MENU_ID") 
  PCTFREE 10 INITRANS 2 MAXTRANS 255 COMPUTE STATISTICS 
  STORAGE(INITIAL 65536 NEXT 1048576 MINEXTENTS 1 MAXEXTENTS 2147483645
  PCTINCREASE 0 FREELISTS 1 FREELIST GROUPS 1 BUFFER_POOL DEFAULT FLASH_CACHE DEFAULT CELL_FLASH_CACHE DEFAULT)
  TABLESPACE "USERS" ;
--------------------------------------------------------
--  DDL for Index PK_NOTICE_NO
--------------------------------------------------------

  CREATE UNIQUE INDEX "YEOGIYO"."PK_NOTICE_NO" ON "YEOGIYO"."NOTICE" ("NOTICE_NO") 
  PCTFREE 10 INITRANS 2 MAXTRANS 255 COMPUTE STATISTICS 
  STORAGE(INITIAL 65536 NEXT 1048576 MINEXTENTS 1 MAXEXTENTS 2147483645
  PCTINCREASE 0 FREELISTS 1 FREELIST GROUPS 1 BUFFER_POOL DEFAULT FLASH_CACHE DEFAULT CELL_FLASH_CACHE DEFAULT)
  TABLESPACE "USERS" ;
--------------------------------------------------------
--  DDL for Index PK_RES_ID
--------------------------------------------------------

  CREATE UNIQUE INDEX "YEOGIYO"."PK_RES_ID" ON "YEOGIYO"."RESTAURANT" ("RES_ID") 
  PCTFREE 10 INITRANS 2 MAXTRANS 255 COMPUTE STATISTICS 
  STORAGE(INITIAL 65536 NEXT 1048576 MINEXTENTS 1 MAXEXTENTS 2147483645
  PCTINCREASE 0 FREELISTS 1 FREELIST GROUPS 1 BUFFER_POOL DEFAULT FLASH_CACHE DEFAULT CELL_FLASH_CACHE DEFAULT)
  TABLESPACE "USERS" ;
--------------------------------------------------------
--  DDL for Index PK_MEMBER_ID
--------------------------------------------------------

  CREATE UNIQUE INDEX "YEOGIYO"."PK_MEMBER_ID" ON "YEOGIYO"."MEMBER" ("MEMBER_ID") 
  PCTFREE 10 INITRANS 2 MAXTRANS 255 COMPUTE STATISTICS 
  STORAGE(INITIAL 65536 NEXT 1048576 MINEXTENTS 1 MAXEXTENTS 2147483645
  PCTINCREASE 0 FREELISTS 1 FREELIST GROUPS 1 BUFFER_POOL DEFAULT FLASH_CACHE DEFAULT CELL_FLASH_CACHE DEFAULT)
  TABLESPACE "USERS" ;
--------------------------------------------------------
--  DDL for Index PK_MENU_ID
--------------------------------------------------------

  CREATE UNIQUE INDEX "YEOGIYO"."PK_MENU_ID" ON "YEOGIYO"."MENU" ("MENU_ID") 
  PCTFREE 10 INITRANS 2 MAXTRANS 255 COMPUTE STATISTICS 
  STORAGE(INITIAL 65536 NEXT 1048576 MINEXTENTS 1 MAXEXTENTS 2147483645
  PCTINCREASE 0 FREELISTS 1 FREELIST GROUPS 1 BUFFER_POOL DEFAULT FLASH_CACHE DEFAULT CELL_FLASH_CACHE DEFAULT)
  TABLESPACE "USERS" ;
--------------------------------------------------------
--  DDL for Index PK_NOTICE_NO
--------------------------------------------------------

  CREATE UNIQUE INDEX "YEOGIYO"."PK_NOTICE_NO" ON "YEOGIYO"."NOTICE" ("NOTICE_NO") 
  PCTFREE 10 INITRANS 2 MAXTRANS 255 COMPUTE STATISTICS 
  STORAGE(INITIAL 65536 NEXT 1048576 MINEXTENTS 1 MAXEXTENTS 2147483645
  PCTINCREASE 0 FREELISTS 1 FREELIST GROUPS 1 BUFFER_POOL DEFAULT FLASH_CACHE DEFAULT CELL_FLASH_CACHE DEFAULT)
  TABLESPACE "USERS" ;
--------------------------------------------------------
--  DDL for Index PK_IMG_NO
--------------------------------------------------------

  CREATE UNIQUE INDEX "YEOGIYO"."PK_IMG_NO" ON "YEOGIYO"."NOTICE_IMG" ("IMG_NO") 
  PCTFREE 10 INITRANS 2 MAXTRANS 255 
  STORAGE(INITIAL 65536 NEXT 1048576 MINEXTENTS 1 MAXEXTENTS 2147483645
  PCTINCREASE 0 FREELISTS 1 FREELIST GROUPS 1 BUFFER_POOL DEFAULT FLASH_CACHE DEFAULT CELL_FLASH_CACHE DEFAULT)
  TABLESPACE "USERS" ;
--------------------------------------------------------
--  DDL for Index PK_RES_ID
--------------------------------------------------------

  CREATE UNIQUE INDEX "YEOGIYO"."PK_RES_ID" ON "YEOGIYO"."RESTAURANT" ("RES_ID") 
  PCTFREE 10 INITRANS 2 MAXTRANS 255 COMPUTE STATISTICS 
  STORAGE(INITIAL 65536 NEXT 1048576 MINEXTENTS 1 MAXEXTENTS 2147483645
  PCTINCREASE 0 FREELISTS 1 FREELIST GROUPS 1 BUFFER_POOL DEFAULT FLASH_CACHE DEFAULT CELL_FLASH_CACHE DEFAULT)
  TABLESPACE "USERS" ;
--------------------------------------------------------
--  Constraints for Table MEMBER
--------------------------------------------------------

  ALTER TABLE "YEOGIYO"."MEMBER" ADD CONSTRAINT "PK_MEMBER_ID" PRIMARY KEY ("MEMBER_ID")
  USING INDEX PCTFREE 10 INITRANS 2 MAXTRANS 255 COMPUTE STATISTICS 
  STORAGE(INITIAL 65536 NEXT 1048576 MINEXTENTS 1 MAXEXTENTS 2147483645
  PCTINCREASE 0 FREELISTS 1 FREELIST GROUPS 1 BUFFER_POOL DEFAULT FLASH_CACHE DEFAULT CELL_FLASH_CACHE DEFAULT)
  TABLESPACE "USERS"  ENABLE;
  ALTER TABLE "YEOGIYO"."MEMBER" ADD CONSTRAINT "CK_MEMBER_ROLE" CHECK (member_role in('U', 'A')) ENABLE;
  ALTER TABLE "YEOGIYO"."MEMBER" ADD CONSTRAINT "CK_GENDER" CHECK (gender in ('M' , 'F')) ENABLE;
  ALTER TABLE "YEOGIYO"."MEMBER" MODIFY ("MEMBER_ROLE" NOT NULL ENABLE);
  ALTER TABLE "YEOGIYO"."MEMBER" MODIFY ("PHONE" NOT NULL ENABLE);
  ALTER TABLE "YEOGIYO"."MEMBER" MODIFY ("ADDRESS" NOT NULL ENABLE);
  ALTER TABLE "YEOGIYO"."MEMBER" MODIFY ("PASSWORD" NOT NULL ENABLE);
  ALTER TABLE "YEOGIYO"."MEMBER" MODIFY ("MEMBER_NAME" NOT NULL ENABLE);
--------------------------------------------------------
--  Constraints for Table MENU
--------------------------------------------------------

  ALTER TABLE "YEOGIYO"."MENU" ADD CONSTRAINT "PK_MENU_ID" PRIMARY KEY ("MENU_ID")
  USING INDEX PCTFREE 10 INITRANS 2 MAXTRANS 255 COMPUTE STATISTICS 
  STORAGE(INITIAL 65536 NEXT 1048576 MINEXTENTS 1 MAXEXTENTS 2147483645
  PCTINCREASE 0 FREELISTS 1 FREELIST GROUPS 1 BUFFER_POOL DEFAULT FLASH_CACHE DEFAULT CELL_FLASH_CACHE DEFAULT)
  TABLESPACE "USERS"  ENABLE;
  ALTER TABLE "YEOGIYO"."MENU" MODIFY ("PRICE" NOT NULL ENABLE);
  ALTER TABLE "YEOGIYO"."MENU" MODIFY ("MENU_CATEGORY" NOT NULL ENABLE);
  ALTER TABLE "YEOGIYO"."MENU" MODIFY ("MENU_NAME" NOT NULL ENABLE);
  ALTER TABLE "YEOGIYO"."MENU" MODIFY ("RES_ID" NOT NULL ENABLE);
  ALTER TABLE "YEOGIYO"."MENU" MODIFY ("MENU_ID" NOT NULL ENABLE);
--------------------------------------------------------
--  Constraints for Table NOTICE
--------------------------------------------------------

  ALTER TABLE "YEOGIYO"."NOTICE" ADD CONSTRAINT "PK_NOTICE_NO" PRIMARY KEY ("NOTICE_NO")
  USING INDEX PCTFREE 10 INITRANS 2 MAXTRANS 255 COMPUTE STATISTICS 
  STORAGE(INITIAL 65536 NEXT 1048576 MINEXTENTS 1 MAXEXTENTS 2147483645
  PCTINCREASE 0 FREELISTS 1 FREELIST GROUPS 1 BUFFER_POOL DEFAULT FLASH_CACHE DEFAULT CELL_FLASH_CACHE DEFAULT)
  TABLESPACE "USERS"  ENABLE;
  ALTER TABLE "YEOGIYO"."NOTICE" MODIFY ("NOTICE_CONTENT" NOT NULL ENABLE);
  ALTER TABLE "YEOGIYO"."NOTICE" MODIFY ("NOTICE_TITLE" NOT NULL ENABLE);
  ALTER TABLE "YEOGIYO"."NOTICE" MODIFY ("RES_ID" NOT NULL ENABLE);
  ALTER TABLE "YEOGIYO"."NOTICE" MODIFY ("NOTICE_NO" NOT NULL ENABLE);
--------------------------------------------------------
--  Constraints for Table NOTICE_IMG
--------------------------------------------------------

  ALTER TABLE "YEOGIYO"."NOTICE_IMG" ADD CONSTRAINT "PK_IMG_NO" PRIMARY KEY ("IMG_NO")
  USING INDEX PCTFREE 10 INITRANS 2 MAXTRANS 255 
  STORAGE(INITIAL 65536 NEXT 1048576 MINEXTENTS 1 MAXEXTENTS 2147483645
  PCTINCREASE 0 FREELISTS 1 FREELIST GROUPS 1 BUFFER_POOL DEFAULT FLASH_CACHE DEFAULT CELL_FLASH_CACHE DEFAULT)
  TABLESPACE "USERS"  ENABLE;
  ALTER TABLE "YEOGIYO"."NOTICE_IMG" ADD CONSTRAINT "CK_IMG_STATUS" CHECK (img_status in ('Y','N')) ENABLE;
  ALTER TABLE "YEOGIYO"."NOTICE_IMG" MODIFY ("IMG_RENAMEDFILE" NOT NULL ENABLE);
  ALTER TABLE "YEOGIYO"."NOTICE_IMG" MODIFY ("IMG_ORIGINALFILE" NOT NULL ENABLE);
  ALTER TABLE "YEOGIYO"."NOTICE_IMG" MODIFY ("NOTICE_NO" NOT NULL ENABLE);
  ALTER TABLE "YEOGIYO"."NOTICE_IMG" MODIFY ("IMG_NO" NOT NULL ENABLE);
--------------------------------------------------------
--  Constraints for Table RESTAURANT
--------------------------------------------------------

  ALTER TABLE "YEOGIYO"."RESTAURANT" ADD CONSTRAINT "PK_RES_ID" PRIMARY KEY ("RES_ID")
  USING INDEX PCTFREE 10 INITRANS 2 MAXTRANS 255 COMPUTE STATISTICS 
  STORAGE(INITIAL 65536 NEXT 1048576 MINEXTENTS 1 MAXEXTENTS 2147483645
  PCTINCREASE 0 FREELISTS 1 FREELIST GROUPS 1 BUFFER_POOL DEFAULT FLASH_CACHE DEFAULT CELL_FLASH_CACHE DEFAULT)
  TABLESPACE "USERS"  ENABLE;
  ALTER TABLE "YEOGIYO"."RESTAURANT" MODIFY ("REVIEW_CNT" NOT NULL ENABLE);
  ALTER TABLE "YEOGIYO"."RESTAURANT" MODIFY ("RATE_AVG" NOT NULL ENABLE);
  ALTER TABLE "YEOGIYO"."RESTAURANT" MODIFY ("MIN_PRICE" NOT NULL ENABLE);
  ALTER TABLE "YEOGIYO"."RESTAURANT" MODIFY ("CATEGORY" NOT NULL ENABLE);
  ALTER TABLE "YEOGIYO"."RESTAURANT" MODIFY ("RES_ADDRESS" NOT NULL ENABLE);
  ALTER TABLE "YEOGIYO"."RESTAURANT" MODIFY ("RES_NAME" NOT NULL ENABLE);
  ALTER TABLE "YEOGIYO"."RESTAURANT" MODIFY ("RES_ID" NOT NULL ENABLE);
--------------------------------------------------------
--  Ref Constraints for Table MENU
--------------------------------------------------------

  ALTER TABLE "YEOGIYO"."MENU" ADD CONSTRAINT "FK_MENU_RES_ID" FOREIGN KEY ("RES_ID")
	  REFERENCES "YEOGIYO"."RESTAURANT" ("RES_ID") ON DELETE CASCADE ENABLE;
--------------------------------------------------------
--  Ref Constraints for Table NOTICE
--------------------------------------------------------

  ALTER TABLE "YEOGIYO"."NOTICE" ADD CONSTRAINT "FK_RES_ID" FOREIGN KEY ("RES_ID")
	  REFERENCES "YEOGIYO"."RESTAURANT" ("RES_ID") ON DELETE CASCADE ENABLE;
--------------------------------------------------------
--  Ref Constraints for Table NOTICE_IMG
--------------------------------------------------------

  ALTER TABLE "YEOGIYO"."NOTICE_IMG" ADD CONSTRAINT "FK_NOTICE_NO" FOREIGN KEY ("NOTICE_NO")
	  REFERENCES "YEOGIYO"."NOTICE" ("NOTICE_NO") ON DELETE CASCADE ENABLE;
